{
  "master_index": 7,
  "created_at_utc": "2025-11-29T20:23:28.479762+00:00",
  "links": [
    {
      "token_hash": "46d00f3ab76539b4dd76091aac35057e6709a56cfac4e4fa8147ac33fc88c087",
      "links": []
    },
    {
      "token_hash": "b01e479e29699c451617bb510b4aab99d0a4746717795fd208f35e3c32ce667b",
      "links": []
    },
    {
      "token_hash": "c10c3c2786f46efbd7843657e76569f48af82970c5673392773452462f35b380",
      "links": []
    },
    {
      "token_hash": "66035e2e74d63d978e880c3dbe4e534876232de1b39741b1b6ec7c4d0330c9a2",
      "links": []
    },
    {
      "token_hash": "742e98e4fd53b67b4792807c4d6b4e1205c9d5127583fdd07a9cbef902d5e9c1",
      "links": []
    },
    {
      "token_hash": "895da576be83a68224b6b8074a6fd6a886e97e3bf6d414d33e9d4d021938bcae",
      "links": []
    },
    {
      "token_hash": "e9d3134c5909a30ee512b552040272c2415bc87122f0fe12d8fc6d65eb189080",
      "links": []
    },
    {
      "token_hash": "4aacf0dcf191c8d94cf18314c8e21eb6b5d3e7f089ab4c5a58d70ab6eab40ec8",
      "links": []
    },
    {
      "token_hash": "7641a571c293995bcea97bf21cdbd73329582a29131b163a0f0413972ea1fd3f",
      "links": []
    },
    {
      "token_hash": "97ec3889e5b83319ff63dc942f6c8a8f6d452aeeeb22820db93dcfc930690852",
      "links": []
    }
  ]
}