{
  "master_index": 9,
  "created_at_utc": "2025-11-29T20:24:31.715986+00:00",
  "tokens": [
    {
      "created_at_utc": "2025-11-29T20:24:06.261178+00:00",
      "source_count_requested": 15,
      "source_count_actual": 0,
      "snippets": [],
      "links": [],
      "token_hash": "510425a451fb00ced9bf0976f0b43a3b7937f1170be8ff5edc9855ac5cd3d3b8",
      "value": "510425a451fb00ced9bf0976f0b43a3b7937f1170be8ff5edc9855ac5cd3d3b8"
    },
    {
      "created_at_utc": "2025-11-29T20:24:09.060493+00:00",
      "source_count_requested": 20,
      "source_count_actual": 0,
      "snippets": [],
      "links": [],
      "token_hash": "7bc2604dce0b27113ca32efb511a4e480670aa261520a3deff6432a71e272a1b",
      "value": "7bc2604dce0b27113ca32efb511a4e480670aa261520a3deff6432a71e272a1b"
    },
    {
      "created_at_utc": "2025-11-29T20:24:13.666103+00:00",
      "source_count_requested": 23,
      "source_count_actual": 0,
      "snippets": [],
      "links": [],
      "token_hash": "fb5125caedcc9719f690697c22a3185a8a7e28da4fd8b94d9754359a0d60e1d7",
      "value": "fb5125caedcc9719f690697c22a3185a8a7e28da4fd8b94d9754359a0d60e1d7"
    },
    {
      "created_at_utc": "2025-11-29T20:24:15.487249+00:00",
      "source_count_requested": 16,
      "source_count_actual": 0,
      "snippets": [],
      "links": [],
      "token_hash": "6ba3b934c52e4aa8d69e169319e48ea06615592a56f3eb8ac9fffa9e91929a77",
      "value": "6ba3b934c52e4aa8d69e169319e48ea06615592a56f3eb8ac9fffa9e91929a77"
    },
    {
      "created_at_utc": "2025-11-29T20:24:18.566336+00:00",
      "source_count_requested": 17,
      "source_count_actual": 0,
      "snippets": [],
      "links": [],
      "token_hash": "e1be9fa9c82fa6cb86944335538e8d922657852b0fe8c73c2f3cc1dc82a019f4",
      "value": "e1be9fa9c82fa6cb86944335538e8d922657852b0fe8c73c2f3cc1dc82a019f4"
    },
    {
      "created_at_utc": "2025-11-29T20:24:20.964473+00:00",
      "source_count_requested": 23,
      "source_count_actual": 0,
      "snippets": [],
      "links": [],
      "token_hash": "f9e959aa600ebabee95d31299c06af478073ff5ef169572b35f1f902a2960fd8",
      "value": "f9e959aa600ebabee95d31299c06af478073ff5ef169572b35f1f902a2960fd8"
    },
    {
      "created_at_utc": "2025-11-29T20:24:22.434270+00:00",
      "source_count_requested": 13,
      "source_count_actual": 0,
      "snippets": [],
      "links": [],
      "token_hash": "77d6ea2d31b5e43112941dec8ad2102c5eb761f8db66dab1ed28dedef7b64a19",
      "value": "77d6ea2d31b5e43112941dec8ad2102c5eb761f8db66dab1ed28dedef7b64a19"
    },
    {
      "created_at_utc": "2025-11-29T20:24:25.208380+00:00",
      "source_count_requested": 22,
      "source_count_actual": 0,
      "snippets": [],
      "links": [],
      "token_hash": "2f11ea6a1f5f5ad028a6feba9a257dd597d106ed5fe91c4bf96cae2b35a377aa",
      "value": "2f11ea6a1f5f5ad028a6feba9a257dd597d106ed5fe91c4bf96cae2b35a377aa"
    },
    {
      "created_at_utc": "2025-11-29T20:24:28.033959+00:00",
      "source_count_requested": 19,
      "source_count_actual": 0,
      "snippets": [],
      "links": [],
      "token_hash": "0161aa2ac01d2f19ab4cfe1583a05548ce339ee81b3e630765d7f0424ca3b6b5",
      "value": "0161aa2ac01d2f19ab4cfe1583a05548ce339ee81b3e630765d7f0424ca3b6b5"
    },
    {
      "created_at_utc": "2025-11-29T20:24:31.714907+00:00",
      "source_count_requested": 25,
      "source_count_actual": 0,
      "snippets": [],
      "links": [],
      "token_hash": "ffd81768a9a4f21220bfb426e55e7dd02a38508b1672c42d65a5225386323e7d",
      "value": "ffd81768a9a4f21220bfb426e55e7dd02a38508b1672c42d65a5225386323e7d"
    }
  ]
}