{
  "grand_index": 1,
  "created_at_utc": "2025-11-29T20:59:36.133970+00:00",
  "masters": [
    {
      "master_index": 1,
      "master_hash": "efabb8e79da4491664044314aae2fc6b9d34280c271fd999861186f7d3cdc2f5"
    },
    {
      "master_index": 2,
      "master_hash": "90fd02cb70b2db6f767e678071810bcf60f95adc0cc06a478847e28d98fc4446"
    },
    {
      "master_index": 3,
      "master_hash": "93a4f24494e3f91cdba10ba4bbaa5436ed25cb66229f73a6079c2ee537214450"
    },
    {
      "master_index": 4,
      "master_hash": "37bdf319929ad293619689104794b2ba2b0eca68f771e3543245288bd313e0e9"
    },
    {
      "master_index": 5,
      "master_hash": "977d209e5ffa9b15b480a4bb05c73c044e50a746619d20cda6bdb6a1bc826257"
    },
    {
      "master_index": 6,
      "master_hash": "e6851f56c11fe32e24594b6a86603525461c52b5a801158d01fcf18f67c0c603"
    },
    {
      "master_index": 7,
      "master_hash": "16696ac17ef78f3ffe818b90f797a7835c8049e8d135ef41c7d75407e6774ab6"
    },
    {
      "master_index": 8,
      "master_hash": "ae079a2b265eb1de3425c1f3836b1549634d20c225700c13f28f8ad971c87552"
    },
    {
      "master_index": 9,
      "master_hash": "bc2cb7cfc0d8c9f4bdd72e475e3320330ead7d742a9f59f7bfbaa36c777b59b5"
    },
    {
      "master_index": 10,
      "master_hash": "f759af7551b210da674cac3a78b35168ab0336c1aa4ef47a2161a53814a0a4ae"
    }
  ]
}