{
  "master_index": 1,
  "created_at_utc": "2025-11-29T20:20:17.215379+00:00",
  "links": [
    {
      "token_hash": "317268f4e9a7fd630d40a20124898c760d61227e89e74183bda2589d843403d3",
      "links": []
    },
    {
      "token_hash": "045b01b6cc7f5f2c17894ebb70aaef19f8ed769da11b277ede052b589bd6bdd4",
      "links": []
    },
    {
      "token_hash": "4f81e48e981e6a096c94701309796e7536aa96d9f6cea3f15f2d28de0d696172",
      "links": []
    },
    {
      "token_hash": "cf19d4aedf224f31bd9d0a7e6aa575300bb6b9d032dbe52ca2ce4e7b62a4542f",
      "links": []
    },
    {
      "token_hash": "b4eb11c41595ac663be9c0bd5bd94af979cd794b239cc882195f859e005fdaf3",
      "links": []
    },
    {
      "token_hash": "85e5e8825c47c4b50eee5a8f91eacf3387edac369cfcd8aa4b288bcabf592383",
      "links": []
    },
    {
      "token_hash": "5c82e40ceada8c108f64b827eafe5104740cf557c08e9e4ed1464dad7964a3c7",
      "links": []
    },
    {
      "token_hash": "d5e5418eb34f24deddb2ffd8549dbe01679e233b21ecab58aa0e90d02b982794",
      "links": []
    },
    {
      "token_hash": "0b4765cae2dad8fbd04a21692cd2f60d6de1c48f77291708041eb81192e32889",
      "links": []
    },
    {
      "token_hash": "587d4f7cbb9b219dfe86ace06da082bb9eb6c7cd62391178ca366e617f77d7b3",
      "links": []
    }
  ]
}