{
  "master_index": 2,
  "created_at_utc": "2025-11-29T20:20:48.480290+00:00",
  "links": [
    {
      "token_hash": "23f50792fad37c17d61dc124472549d781108b52f73edc3ea0107eb4f83385e4",
      "links": []
    },
    {
      "token_hash": "3fc4e86a4e6bbad9967d5c7faab66aff36e341921fc7a2c1504ae5d5a2f1477b",
      "links": []
    },
    {
      "token_hash": "a72a844f6fc943caffe2cf0346e987107026989f79c2f24574d24cb1287f9765",
      "links": []
    },
    {
      "token_hash": "665df44e7c6df0a497ea70740e3640bc10d6f078931629daabffa6b8466314ef",
      "links": []
    },
    {
      "token_hash": "d73c32a2a08f750dc90998ff07d8b5fbd37a87dac676ce61f609375ab885cd48",
      "links": []
    },
    {
      "token_hash": "67bc5729ef5469925779aa52b46fa18e30f727596ea770b05be774e6c2a0dca7",
      "links": []
    },
    {
      "token_hash": "61643d5cd24e27e6bcac7effc2c62b1471130623e743c6a41b04b6f946c9fbc7",
      "links": []
    },
    {
      "token_hash": "b20af88a6730083c4c56be22a9b17a9eb6a99af721c77ca2296b6c452f80ba0f",
      "links": []
    },
    {
      "token_hash": "9c050757450313c110fc4600279832306c60e048c15329bc6020be8fe94c24e2",
      "links": []
    },
    {
      "token_hash": "a2eae5771c5cc6056536070eb9f54c361a5b4e306370370ed2f4cfa596432c5a",
      "links": []
    }
  ]
}