{
  "master_index": 2,
  "created_at_utc": "2025-11-29T20:20:48.475220+00:00",
  "tokens": [
    {
      "created_at_utc": "2025-11-29T20:20:20.776843+00:00",
      "source_count_requested": 30,
      "source_count_actual": 0,
      "snippets": [],
      "links": [],
      "token_hash": "23f50792fad37c17d61dc124472549d781108b52f73edc3ea0107eb4f83385e4",
      "value": "23f50792fad37c17d61dc124472549d781108b52f73edc3ea0107eb4f83385e4"
    },
    {
      "created_at_utc": "2025-11-29T20:20:26.260696+00:00",
      "source_count_requested": 25,
      "source_count_actual": 0,
      "snippets": [],
      "links": [],
      "token_hash": "3fc4e86a4e6bbad9967d5c7faab66aff36e341921fc7a2c1504ae5d5a2f1477b",
      "value": "3fc4e86a4e6bbad9967d5c7faab66aff36e341921fc7a2c1504ae5d5a2f1477b"
    },
    {
      "created_at_utc": "2025-11-29T20:20:28.740175+00:00",
      "source_count_requested": 29,
      "source_count_actual": 0,
      "snippets": [],
      "links": [],
      "token_hash": "a72a844f6fc943caffe2cf0346e987107026989f79c2f24574d24cb1287f9765",
      "value": "a72a844f6fc943caffe2cf0346e987107026989f79c2f24574d24cb1287f9765"
    },
    {
      "created_at_utc": "2025-11-29T20:20:30.521491+00:00",
      "source_count_requested": 12,
      "source_count_actual": 0,
      "snippets": [],
      "links": [],
      "token_hash": "665df44e7c6df0a497ea70740e3640bc10d6f078931629daabffa6b8466314ef",
      "value": "665df44e7c6df0a497ea70740e3640bc10d6f078931629daabffa6b8466314ef"
    },
    {
      "created_at_utc": "2025-11-29T20:20:33.739420+00:00",
      "source_count_requested": 22,
      "source_count_actual": 0,
      "snippets": [],
      "links": [],
      "token_hash": "d73c32a2a08f750dc90998ff07d8b5fbd37a87dac676ce61f609375ab885cd48",
      "value": "d73c32a2a08f750dc90998ff07d8b5fbd37a87dac676ce61f609375ab885cd48"
    },
    {
      "created_at_utc": "2025-11-29T20:20:37.799663+00:00",
      "source_count_requested": 30,
      "source_count_actual": 0,
      "snippets": [],
      "links": [],
      "token_hash": "67bc5729ef5469925779aa52b46fa18e30f727596ea770b05be774e6c2a0dca7",
      "value": "67bc5729ef5469925779aa52b46fa18e30f727596ea770b05be774e6c2a0dca7"
    },
    {
      "created_at_utc": "2025-11-29T20:20:40.027048+00:00",
      "source_count_requested": 11,
      "source_count_actual": 0,
      "snippets": [],
      "links": [],
      "token_hash": "61643d5cd24e27e6bcac7effc2c62b1471130623e743c6a41b04b6f946c9fbc7",
      "value": "61643d5cd24e27e6bcac7effc2c62b1471130623e743c6a41b04b6f946c9fbc7"
    },
    {
      "created_at_utc": "2025-11-29T20:20:41.590997+00:00",
      "source_count_requested": 15,
      "source_count_actual": 0,
      "snippets": [],
      "links": [],
      "token_hash": "b20af88a6730083c4c56be22a9b17a9eb6a99af721c77ca2296b6c452f80ba0f",
      "value": "b20af88a6730083c4c56be22a9b17a9eb6a99af721c77ca2296b6c452f80ba0f"
    },
    {
      "created_at_utc": "2025-11-29T20:20:45.482015+00:00",
      "source_count_requested": 27,
      "source_count_actual": 0,
      "snippets": [],
      "links": [],
      "token_hash": "9c050757450313c110fc4600279832306c60e048c15329bc6020be8fe94c24e2",
      "value": "9c050757450313c110fc4600279832306c60e048c15329bc6020be8fe94c24e2"
    },
    {
      "created_at_utc": "2025-11-29T20:20:48.472679+00:00",
      "source_count_requested": 29,
      "source_count_actual": 0,
      "snippets": [],
      "links": [],
      "token_hash": "a2eae5771c5cc6056536070eb9f54c361a5b4e306370370ed2f4cfa596432c5a",
      "value": "a2eae5771c5cc6056536070eb9f54c361a5b4e306370370ed2f4cfa596432c5a"
    }
  ]
}