{
  "master_index": 4,
  "created_at_utc": "2025-11-29T20:21:56.165413+00:00",
  "links": [
    {
      "token_hash": "ee811de251d5d5c51452f7542f29cf4f80864e075c60d74de8ba2c5a8ea7dacb",
      "links": []
    },
    {
      "token_hash": "5bbe01041701dc800e5f2fbf99a307f04fc3b03b17474ab7dd3285252bba0181",
      "links": []
    },
    {
      "token_hash": "3760c5aa0bb66a7f8749b76c9bc6daf8bd154315b645b6bc038bc80a22f1a18b",
      "links": []
    },
    {
      "token_hash": "e2d17172d8d5cbb8e1f72eb4b63acf0cfdd00d2064391c00552fd11b701da5f9",
      "links": []
    },
    {
      "token_hash": "d5a09f8710521c9ca220abd4f502059b222bf7fd2cdef5ae5a1576aa388fd481",
      "links": []
    },
    {
      "token_hash": "09d7b2ba067ab9ac0f3a2b0bfd535f2bf6297897534e0202ccbdf85b7976205f",
      "links": []
    },
    {
      "token_hash": "0e16c46c7cbc8eaccfe16d93dd191768855b7c3b37315ec8952a13e7f68349cb",
      "links": []
    },
    {
      "token_hash": "5a0f0a97fc2628df5c32c91689dca91272bae73fd2d579168d90b7d61dca2678",
      "links": []
    },
    {
      "token_hash": "46fd7fcfac6328d56c40b697b6f8ec420d0ef132433684160733c517e6084232",
      "links": []
    },
    {
      "token_hash": "4bb031952029f4ec606adc2339278413efbaebe47d2f066d9a77ff9772dd00b2",
      "links": []
    }
  ]
}