{
  "master_index": 3,
  "created_at_utc": "2025-11-29T20:21:17.696382+00:00",
  "links": [
    {
      "token_hash": "0230da3c50c68c936a195055e84b4620e30ff95f546926b8d7cf8893a212adab",
      "links": []
    },
    {
      "token_hash": "5fea8a639bf0168b7f598b42ca903811d9b03f1ec1b764c087fb4488e9d8493c",
      "links": []
    },
    {
      "token_hash": "f1cc898a8257acf2345af19cbb91aea54353c65ee58d2145f7bf118c826f8b3e",
      "links": []
    },
    {
      "token_hash": "6a24178cdcf4f612813059d9d4866e3ca33d88ae6adeb489ced057c906c3241b",
      "links": []
    },
    {
      "token_hash": "c25c0cf5c022714827aad61795a96a6fca4bc0c3ebd570afe0ce3a90c3169854",
      "links": []
    },
    {
      "token_hash": "979cfe2876a328edf3f828ec9f6fac11028891773a8475c1ca5f24823499f8f7",
      "links": []
    },
    {
      "token_hash": "f7aa85c6a08a1a0b8db2be2777cfac5c3672250c28fdab5205767edb35d1b500",
      "links": []
    },
    {
      "token_hash": "76a908eb9cbef3a4df41f1d8015e513a80ea56e7d8ab32583be3259e582e573d",
      "links": []
    },
    {
      "token_hash": "2491a5f241a763128c9b6d7eee46f4b97978ef50803a390778e19ce1c605117f",
      "links": []
    },
    {
      "token_hash": "7514170f71bf6eafec497afeeac2402f66ef91d09859f6026b59b05a3450bf87",
      "links": []
    }
  ]
}