{
  "master_index": 10,
  "created_at_utc": "2025-11-29T20:25:01.377084+00:00",
  "links": [
    {
      "token_hash": "e2eb0a4d2ae797837bc39677d76d5d97e2e4a160aadb3bcf932d6298e3cb3ebd",
      "links": []
    },
    {
      "token_hash": "8b574c4d959d1bdeff8a7d385941f36e1dd0449511ce624885031425d06880e4",
      "links": []
    },
    {
      "token_hash": "13dbcf28b6a481533ec6530cfa6c0312adf8ab6a89bf7ec400344851bc349397",
      "links": []
    },
    {
      "token_hash": "512e43b51678369378917549ca0885fd54c43d668dfb831d18ee1d39ed80f49c",
      "links": []
    },
    {
      "token_hash": "8a4c9233e4199183c0f876013ceed383d406e7954507529dee08f81c46a66488",
      "links": []
    },
    {
      "token_hash": "6245bf5715acefc16c9b3ec6b1776c1a102de35cf40b585e6ee008585a4ae7bd",
      "links": []
    },
    {
      "token_hash": "4b0165a289d7c8cc0402a85ee7d1f68f30037d42b67f6237cd9abe867dd16ed8",
      "links": []
    },
    {
      "token_hash": "fa89f8e5c1467e876659ce5dfb6eb8f19741b803bc74e4ee7ed277e3e40b345d",
      "links": []
    },
    {
      "token_hash": "ab551e1f2d0a8d26afaad45894dab6d6f8863a5593bdb62a8eb4e6fcd0714326",
      "links": []
    },
    {
      "token_hash": "cae36d9f5b3cb6e0d63ad0372bf543f3e6395752c16a6cf35b83914c70879e18",
      "links": []
    }
  ]
}