{
  "master_index": 8,
  "created_at_utc": "2025-11-29T20:24:03.571019+00:00",
  "tokens": [
    {
      "created_at_utc": "2025-11-29T20:23:31.772440+00:00",
      "source_count_requested": 17,
      "source_count_actual": 0,
      "snippets": [],
      "links": [],
      "token_hash": "db3f9f5d16d45c71c60f42f14c3d72f8ca669354535fb036ca1982821468cbcb",
      "value": "db3f9f5d16d45c71c60f42f14c3d72f8ca669354535fb036ca1982821468cbcb"
    },
    {
      "created_at_utc": "2025-11-29T20:23:35.868673+00:00",
      "source_count_requested": 21,
      "source_count_actual": 0,
      "snippets": [],
      "links": [],
      "token_hash": "f7d703a83847b345c8ef89dbecf6ba2f4c4961dd639fd65547d0de47bb7dda5e",
      "value": "f7d703a83847b345c8ef89dbecf6ba2f4c4961dd639fd65547d0de47bb7dda5e"
    },
    {
      "created_at_utc": "2025-11-29T20:23:39.765580+00:00",
      "source_count_requested": 26,
      "source_count_actual": 0,
      "snippets": [],
      "links": [],
      "token_hash": "bad13288a6763d5ce781cbc2aa7f5f0fb417afd86734dbd75a80f849d5d3d311",
      "value": "bad13288a6763d5ce781cbc2aa7f5f0fb417afd86734dbd75a80f849d5d3d311"
    },
    {
      "created_at_utc": "2025-11-29T20:23:42.067108+00:00",
      "source_count_requested": 28,
      "source_count_actual": 0,
      "snippets": [],
      "links": [],
      "token_hash": "bfea644011e2f120375cc3b1ec8d1c147c643e87f6d5abcc6b03169bdae92438",
      "value": "bfea644011e2f120375cc3b1ec8d1c147c643e87f6d5abcc6b03169bdae92438"
    },
    {
      "created_at_utc": "2025-11-29T20:23:45.217461+00:00",
      "source_count_requested": 17,
      "source_count_actual": 0,
      "snippets": [],
      "links": [],
      "token_hash": "a74765352d8b0ee3cb3d15b042a9abd14e248b9833b9c6e25f4d13a2687c8086",
      "value": "a74765352d8b0ee3cb3d15b042a9abd14e248b9833b9c6e25f4d13a2687c8086"
    },
    {
      "created_at_utc": "2025-11-29T20:23:48.408035+00:00",
      "source_count_requested": 27,
      "source_count_actual": 0,
      "snippets": [],
      "links": [],
      "token_hash": "12ca90819fd6ee4692592cc55b7a45eb136dff7946e65f6c49993a691bb4fa26",
      "value": "12ca90819fd6ee4692592cc55b7a45eb136dff7946e65f6c49993a691bb4fa26"
    },
    {
      "created_at_utc": "2025-11-29T20:23:51.578284+00:00",
      "source_count_requested": 28,
      "source_count_actual": 0,
      "snippets": [],
      "links": [],
      "token_hash": "f5d016fa27c9be4ea560124bdb054cb8320ac522b8b893d5005b9ec4603d4de9",
      "value": "f5d016fa27c9be4ea560124bdb054cb8320ac522b8b893d5005b9ec4603d4de9"
    },
    {
      "created_at_utc": "2025-11-29T20:23:55.475004+00:00",
      "source_count_requested": 22,
      "source_count_actual": 0,
      "snippets": [],
      "links": [],
      "token_hash": "e1eb1c0c8606ede520ebad60167fadf070cbf5f630d3ea4dcb65c60898ae52bf",
      "value": "e1eb1c0c8606ede520ebad60167fadf070cbf5f630d3ea4dcb65c60898ae52bf"
    },
    {
      "created_at_utc": "2025-11-29T20:24:00.043830+00:00",
      "source_count_requested": 24,
      "source_count_actual": 0,
      "snippets": [],
      "links": [],
      "token_hash": "b6c4679141821f1feb3f264a21ee83a075a27588769679440d1cfa827f693a72",
      "value": "b6c4679141821f1feb3f264a21ee83a075a27588769679440d1cfa827f693a72"
    },
    {
      "created_at_utc": "2025-11-29T20:24:03.569334+00:00",
      "source_count_requested": 29,
      "source_count_actual": 0,
      "snippets": [],
      "links": [],
      "token_hash": "e87aa1778f86ec81c04d70e0088d7a8dfa8bbce4071ee699b9f2f5ff3eb64a32",
      "value": "e87aa1778f86ec81c04d70e0088d7a8dfa8bbce4071ee699b9f2f5ff3eb64a32"
    }
  ]
}