{
  "master_index": 5,
  "created_at_utc": "2025-11-29T20:22:23.955947+00:00",
  "links": [
    {
      "token_hash": "c37340192c31d16fcd7942f155e61cf76ef01cdfd1a4503f31149ffa617ce7b4",
      "links": []
    },
    {
      "token_hash": "8ca4d1bdff664d48584aa6ae064fdedc76967ad66b9e067acaf6e2937e2f49ea",
      "links": []
    },
    {
      "token_hash": "d341f6ca06fd66e864ea5e29354fcfd0559929f599c5b52920950f317d4fa8f7",
      "links": []
    },
    {
      "token_hash": "4933eea3e307420c5192f89a73b93d011433ba5c94814561519831245e21e492",
      "links": []
    },
    {
      "token_hash": "4ef3aff8f77e01ad93863715de71444ffb21b44f99170397403320b12cf25f85",
      "links": []
    },
    {
      "token_hash": "b8bbbf9dbda410736fbe069f4658ef6994334b6680477fa3d9649f63d3217963",
      "links": []
    },
    {
      "token_hash": "ca0f5ae6f48dc2850845553ecfd8f8b550a3a8a4dd8ea067856d7204fd0f27a6",
      "links": []
    },
    {
      "token_hash": "7f175d0f528ea69b54ef6c2d42c715215fe5666e04f930e84db15110327bc66a",
      "links": []
    },
    {
      "token_hash": "d2247252b85ca834360b97ecab0bdf1f560f798c2491fadb0577e9bfdf28fec5",
      "links": []
    },
    {
      "token_hash": "927149fd4eaf2d482d607bbd5d581739e67e99dc81a9bad66552c5798e829ac6",
      "links": []
    }
  ]
}