{
  "master_index": 6,
  "created_at_utc": "2025-11-29T20:22:58.022173+00:00",
  "links": [
    {
      "token_hash": "5ffbdfc1a04b05a5d5e5437fbbd8b2541a939c34761a4ff8023dbae71e1f315f",
      "links": []
    },
    {
      "token_hash": "ae438b7abb916c7972033b3c886cd6ea6e97a5a71ecfdf29cb60e5cd583f0fcf",
      "links": []
    },
    {
      "token_hash": "bf5bf9d78c49b4b8ebf5df12a1d454d6524217e51026c50d13da2ed3eac9ea90",
      "links": []
    },
    {
      "token_hash": "4c2e8ed45aabb3d29060f1ebc07a3af7d9f57122bab91907ce6348ba32a17da7",
      "links": []
    },
    {
      "token_hash": "0b27087fa0ebd25c155ec540c708be6a91c7dea6a6741350bb14977574738a9f",
      "links": []
    },
    {
      "token_hash": "c9d2151067e63ed9f1910feb46818ac34e2816cbef204d8deaf8b9eb36c53532",
      "links": []
    },
    {
      "token_hash": "7e7baf361391f50da2e28a6367f7feb76e86e1c9b6313c9b385e0a7e28767ab9",
      "links": []
    },
    {
      "token_hash": "c4e64673e809cca3a3c965865a14356cd5e5e5727fd3176e0ac73dbf1ba5ec70",
      "links": []
    },
    {
      "token_hash": "1537d049a18aabf14f5ef3c97d9d50b417daad107220387876ac6bed2c29c7c5",
      "links": []
    },
    {
      "token_hash": "cd43f93e3012ae9719abb0e7d02f65ee93c767690f52e388c50fb74e9d36f53d",
      "links": []
    }
  ]
}